1653225269,Hue,0909090909,hue,2022-05-22T13:14:47.316Z
1653225294,Hbaba,0909090909,QT,2022-05-22T13:15:12.067Z
1653231363,Nguyen Van A,0236525252,Huế,2022-05-22T14:56:32.483Z
1653231609,Nguyen Van A,0236523636,Huế,2022-05-22T15:00:29.513Z
1653232096,Nguyen Phuoc,0256969696,Huế,2022-05-22T15:08:49.240Z
1653232298,Nguyen Van VO,0654145874,Huế,2022-05-22T15:12:07.222Z
1653233507,Nguyen,0123654789,Đà Nẵng,2022-05-22T15:32:13.810Z
1653233537,Ngo,0123654784,Hải Dương,2022-05-22T15:32:44.144Z
1653233940,Ngo Van Nghiem,0568475847,Sài Gòn,2022-05-22T15:39:30.055Z
1653234221,Nguyen Ba Quoc,0565478547,Hà Nam,2022-05-22T15:44:19.602Z
1653234433,Nguyen Minh Triet,0569857412,Hue,2022-05-22T15:47:53.776Z
1653234538,Ngo Van H,0154789658,Kiên Giang,2022-05-22T15:49:25.711Z
1653381878,Ngo Van Ban,0236541254,Huế,2022-05-24T08:45:06.222Z
1653382442,Nguyen Van Han,0987654321,Huế,2022-05-24T08:54:27.347Z
1653382635,Nguyen Van V,0254125698,Huế,2022-05-24T08:57:49.863Z
1653488341,Nguyen Van A,0256987458,Huế,2022-05-25T14:19:47.555Z
1653488393,Nguyen Van B,0254784578,Huế,2022-05-25T14:21:01.493Z
1653488676,Nga,0212222222,Đà Nãng,2022-05-25T14:25:01.938Z
